sample_id	chrom	expected_state	start	end	note
Y1	chr21	loss			45,XY,-21
Y2	chr14	gain			48,XX,+14,+21
Y2	chr21	gain			48,XX,+14,+21
Y3	chrX	loss			45,XO
Y4	chr13	gain			47,XX,+13
Y5	chr15	loss	23000000	29000000	15q11.2q13.1 del
Y6	chr7	loss	1000000	58000000	7p22.3p11.2 del
Y6	chr7	gain	63000000	159000000	7p11.2q36.3 dup
Y7	chr8	loss	1000000	14000000	8p23.3p23.1 del
Y8	chr13	gain	19000000	38000000	13q11q12.11 dup
H1	chr16	gain	1	90000000	47,XY,+16
H2	chr6	gain	528787	170797902	6p25.3q27 copy 2~3 mosaic ~40%
H3	chr13	gain	19263735	115106996	13q11q34 copy 2~3 mosaic 20-30%
H4	chr15	gain	1	102000000	48,XX,+15
H4	chr21	gain	1	47000000	48,XX,+21
H5	chrX	loss	178624	64743458	Xp22.33q12 copy 1
H5	chrX	loss	64827054	69561689	Xq12q13.1 mosaic copy 1~2
H5	chrX	loss	69561780	155233098	Xq13.1q28 copy 1
H6	chrX	loss	1	155233098	45,XO inferred chrX loss
H6	chr21	gain	20705881	22279309	21q21.1 focal copy 3
